brand_slug,brand_id,phone_id,phone_name,phone_url,image_url,listing_page_url,scraped_at_utc,announced_year,status,os,chipset,cpu,gpu,display_size_in,display_resolution,display_refresh_hz,battery_mah,charging_w,ram_options_gb,storage_options_gb,main_camera_mp,selfie_camera_mp,has_5g,has_nfc,has_esim,has_sd_slot,price_text,price_currency,price_usd,ferbi_color,ferbi_condicion_enum_ok,specs_json
ferbi,ferbi,16099,Celular Samsung Galaxy A23 Reacondicionado,https://ferbi.com.ar/shop/celular-samsung-galaxy-a23-reacondicionado-16099?category=38,,https://ferbi.com.ar/shop/category/celulares-38,2026-04-30T02:42:17.173269+00:00,,,,,,,,,,,,,64,,,,,,,,ARS,,Azul,False,{}
ferbi,ferbi,16099,Celular Samsung Galaxy A23 Reacondicionado,https://ferbi.com.ar/shop/celular-samsung-galaxy-a23-reacondicionado-16099?category=38,,https://ferbi.com.ar/shop/category/celulares-38,2026-04-30T02:42:17.173269+00:00,,,,,,,,,,,,,128,,,,,,,,ARS,,Azul,False,{}
ferbi,ferbi,16099,Celular Samsung Galaxy A23 Reacondicionado,https://ferbi.com.ar/shop/celular-samsung-galaxy-a23-reacondicionado-16099?category=38,,https://ferbi.com.ar/shop/category/celulares-38,2026-04-30T02:42:17.173269+00:00,,,,,,,,,,,,,64,,,,,,,,ARS,,Blanco,False,{}
ferbi,ferbi,16099,Celular Samsung Galaxy A23 Reacondicionado,https://ferbi.com.ar/shop/celular-samsung-galaxy-a23-reacondicionado-16099?category=38,,https://ferbi.com.ar/shop/category/celulares-38,2026-04-30T02:42:17.173269+00:00,,,,,,,,,,,,,128,,,,,,,,ARS,,Blanco,False,{}
ferbi,ferbi,16099,Celular Samsung Galaxy A23 Reacondicionado,https://ferbi.com.ar/shop/celular-samsung-galaxy-a23-reacondicionado-16099?category=38,,https://ferbi.com.ar/shop/category/celulares-38,2026-04-30T02:42:17.173269+00:00,,,,,,,,,,,,,64,,,,,,,,ARS,,Celeste,False,{}
ferbi,ferbi,16099,Celular Samsung Galaxy A23 Reacondicionado,https://ferbi.com.ar/shop/celular-samsung-galaxy-a23-reacondicionado-16099?category=38,,https://ferbi.com.ar/shop/category/celulares-38,2026-04-30T02:42:17.173269+00:00,,,,,,,,,,,,,128,,,,,,,,ARS,,Celeste,False,{}
ferbi,ferbi,16099,Celular Samsung Galaxy A23 Reacondicionado,https://ferbi.com.ar/shop/celular-samsung-galaxy-a23-reacondicionado-16099?category=38,,https://ferbi.com.ar/shop/category/celulares-38,2026-04-30T02:42:17.173269+00:00,,,,,,,,,,,,,64,,,,,,,,ARS,,Negro,False,{}
ferbi,ferbi,16099,Celular Samsung Galaxy A23 Reacondicionado,https://ferbi.com.ar/shop/celular-samsung-galaxy-a23-reacondicionado-16099?category=38,,https://ferbi.com.ar/shop/category/celulares-38,2026-04-30T02:42:17.173269+00:00,,,,,,,,,,,,,128,,,,,,,,ARS,,Negro,False,{}
ferbi,ferbi,62611,Celular Samsung Galaxy Z Fold 4 Reacondicionado,https://ferbi.com.ar/shop/celular-samsung-galaxy-z-fold-4-reacondicionado-62611?category=38,,https://ferbi.com.ar/shop/category/celulares-38,2026-04-30T02:42:17.173269+00:00,,,,,,,,,,,,,256,,,,,,,,ARS,,Blanco,False,{}
ferbi,ferbi,62611,Celular Samsung Galaxy Z Fold 4 Reacondicionado,https://ferbi.com.ar/shop/celular-samsung-galaxy-z-fold-4-reacondicionado-62611?category=38,,https://ferbi.com.ar/shop/category/celulares-38,2026-04-30T02:42:17.173269+00:00,,,,,,,,,,,,,512,,,,,,,,ARS,,Blanco,False,{}
ferbi,ferbi,62611,Celular Samsung Galaxy Z Fold 4 Reacondicionado,https://ferbi.com.ar/shop/celular-samsung-galaxy-z-fold-4-reacondicionado-62611?category=38,,https://ferbi.com.ar/shop/category/celulares-38,2026-04-30T02:42:17.173269+00:00,,,,,,,,,,,,,256,,,,,,,,ARS,,Gris,False,{}
ferbi,ferbi,62611,Celular Samsung Galaxy Z Fold 4 Reacondicionado,https://ferbi.com.ar/shop/celular-samsung-galaxy-z-fold-4-reacondicionado-62611?category=38,,https://ferbi.com.ar/shop/category/celulares-38,2026-04-30T02:42:17.173269+00:00,,,,,,,,,,,,,512,,,,,,,,ARS,,Gris,False,{}
ferbi,ferbi,62611,Celular Samsung Galaxy Z Fold 4 Reacondicionado,https://ferbi.com.ar/shop/celular-samsung-galaxy-z-fold-4-reacondicionado-62611?category=38,,https://ferbi.com.ar/shop/category/celulares-38,2026-04-30T02:42:17.173269+00:00,,,,,,,,,,,,,256,,,,,,,,ARS,,Negro,False,{}
ferbi,ferbi,62611,Celular Samsung Galaxy Z Fold 4 Reacondicionado,https://ferbi.com.ar/shop/celular-samsung-galaxy-z-fold-4-reacondicionado-62611?category=38,,https://ferbi.com.ar/shop/category/celulares-38,2026-04-30T02:42:17.173269+00:00,,,,,,,,,,,,,512,,,,,,,,ARS,,Negro,False,{}
ferbi,ferbi,62611,Celular Samsung Galaxy Z Fold 4 Reacondicionado,https://ferbi.com.ar/shop/celular-samsung-galaxy-z-fold-4-reacondicionado-62611?category=38,,https://ferbi.com.ar/shop/category/celulares-38,2026-04-30T02:42:17.173269+00:00,,,,,,,,,,,,,256,,,,,,,,ARS,,Rosa,False,{}
ferbi,ferbi,62611,Celular Samsung Galaxy Z Fold 4 Reacondicionado,https://ferbi.com.ar/shop/celular-samsung-galaxy-z-fold-4-reacondicionado-62611?category=38,,https://ferbi.com.ar/shop/category/celulares-38,2026-04-30T02:42:17.173269+00:00,,,,,,,,,,,,,512,,,,,,,,ARS,,Rosa,False,{}
ferbi,ferbi,62610,Celular Samsung Galaxy Z Flip4 Reacondicionado,https://ferbi.com.ar/shop/celular-samsung-galaxy-z-flip4-reacondicionado-62610?category=38,,https://ferbi.com.ar/shop/category/celulares-38,2026-04-30T02:42:17.173269+00:00,,,,,,,,,,,,,128,,,,,,,,ARS,,Blanco,False,{}
ferbi,ferbi,62610,Celular Samsung Galaxy Z Flip4 Reacondicionado,https://ferbi.com.ar/shop/celular-samsung-galaxy-z-flip4-reacondicionado-62610?category=38,,https://ferbi.com.ar/shop/category/celulares-38,2026-04-30T02:42:17.173269+00:00,,,,,,,,,,,,,256,,,,,,,,ARS,,Blanco,False,{}
ferbi,ferbi,62610,Celular Samsung Galaxy Z Flip4 Reacondicionado,https://ferbi.com.ar/shop/celular-samsung-galaxy-z-flip4-reacondicionado-62610?category=38,,https://ferbi.com.ar/shop/category/celulares-38,2026-04-30T02:42:17.173269+00:00,,,,,,,,,,,,,128,,,,,,,,ARS,,Celeste,False,{}
ferbi,ferbi,62610,Celular Samsung Galaxy Z Flip4 Reacondicionado,https://ferbi.com.ar/shop/celular-samsung-galaxy-z-flip4-reacondicionado-62610?category=38,,https://ferbi.com.ar/shop/category/celulares-38,2026-04-30T02:42:17.173269+00:00,,,,,,,,,,,,,256,,,,,,,,ARS,,Celeste,False,{}
ferbi,ferbi,62610,Celular Samsung Galaxy Z Flip4 Reacondicionado,https://ferbi.com.ar/shop/celular-samsung-galaxy-z-flip4-reacondicionado-62610?category=38,,https://ferbi.com.ar/shop/category/celulares-38,2026-04-30T02:42:17.173269+00:00,,,,,,,,,,,,,128,,,,,,,,ARS,,Negro,False,{}
ferbi,ferbi,62610,Celular Samsung Galaxy Z Flip4 Reacondicionado,https://ferbi.com.ar/shop/celular-samsung-galaxy-z-flip4-reacondicionado-62610?category=38,,https://ferbi.com.ar/shop/category/celulares-38,2026-04-30T02:42:17.173269+00:00,,,,,,,,,,,,,256,,,,,,,,ARS,,Negro,False,{}
ferbi,ferbi,62610,Celular Samsung Galaxy Z Flip4 Reacondicionado,https://ferbi.com.ar/shop/celular-samsung-galaxy-z-flip4-reacondicionado-62610?category=38,,https://ferbi.com.ar/shop/category/celulares-38,2026-04-30T02:42:17.173269+00:00,,,,,,,,,,,,,128,,,,,,,,ARS,,Rosa,False,{}
ferbi,ferbi,62610,Celular Samsung Galaxy Z Flip4 Reacondicionado,https://ferbi.com.ar/shop/celular-samsung-galaxy-z-flip4-reacondicionado-62610?category=38,,https://ferbi.com.ar/shop/category/celulares-38,2026-04-30T02:42:17.173269+00:00,,,,,,,,,,,,,256,,,,,,,,ARS,,Rosa,False,{}
ferbi,ferbi,62610,Celular Samsung Galaxy Z Flip4 Reacondicionado,https://ferbi.com.ar/shop/celular-samsung-galaxy-z-flip4-reacondicionado-62610?category=38,,https://ferbi.com.ar/shop/category/celulares-38,2026-04-30T02:42:17.173269+00:00,,,,,,,,,,,,,128,,,,,,,,ARS,,Verde,False,{}
ferbi,ferbi,62610,Celular Samsung Galaxy Z Flip4 Reacondicionado,https://ferbi.com.ar/shop/celular-samsung-galaxy-z-flip4-reacondicionado-62610?category=38,,https://ferbi.com.ar/shop/category/celulares-38,2026-04-30T02:42:17.173269+00:00,,,,,,,,,,,,,256,,,,,,,,ARS,,Verde,False,{}
ferbi,ferbi,62610,Celular Samsung Galaxy Z Flip4 Reacondicionado,https://ferbi.com.ar/shop/celular-samsung-galaxy-z-flip4-reacondicionado-62610?category=38,,https://ferbi.com.ar/shop/category/celulares-38,2026-04-30T02:42:17.173269+00:00,,,,,,,,,,,,,128,,,,,,,,ARS,,Violeta,False,{}
ferbi,ferbi,62610,Celular Samsung Galaxy Z Flip4 Reacondicionado,https://ferbi.com.ar/shop/celular-samsung-galaxy-z-flip4-reacondicionado-62610?category=38,,https://ferbi.com.ar/shop/category/celulares-38,2026-04-30T02:42:17.173269+00:00,,,,,,,,,,,,,256,,,,,,,,ARS,,Violeta,False,{}
ferbi,ferbi,254524,Celular Samsung A34 5G Reacondicionado,https://ferbi.com.ar/shop/celular-samsung-a34-5g-reacondicionado-254524?category=38,,https://ferbi.com.ar/shop/category/celulares-38,2026-04-30T02:42:17.173269+00:00,,,,,,,,,,,,,128,,,,,,,,ARS,,Plateado,False,{}
ferbi,ferbi,16101,Celular Samsung Galaxy A53 Reacondicionado,https://ferbi.com.ar/shop/celular-samsung-galaxy-a53-reacondicionado-16101?category=38,,https://ferbi.com.ar/shop/category/celulares-38,2026-04-30T02:42:17.173269+00:00,,,,,,,,,,,,,128,,,,,,,,ARS,,Azul,False,{}
ferbi,ferbi,16101,Celular Samsung Galaxy A53 Reacondicionado,https://ferbi.com.ar/shop/celular-samsung-galaxy-a53-reacondicionado-16101?category=38,,https://ferbi.com.ar/shop/category/celulares-38,2026-04-30T02:42:17.173269+00:00,,,,,,,,,,,,,256,,,,,,,,ARS,,Azul,False,{}
ferbi,ferbi,16101,Celular Samsung Galaxy A53 Reacondicionado,https://ferbi.com.ar/shop/celular-samsung-galaxy-a53-reacondicionado-16101?category=38,,https://ferbi.com.ar/shop/category/celulares-38,2026-04-30T02:42:17.173269+00:00,,,,,,,,,,,,,128,,,,,,,,ARS,,Blanco,False,{}
ferbi,ferbi,16101,Celular Samsung Galaxy A53 Reacondicionado,https://ferbi.com.ar/shop/celular-samsung-galaxy-a53-reacondicionado-16101?category=38,,https://ferbi.com.ar/shop/category/celulares-38,2026-04-30T02:42:17.173269+00:00,,,,,,,,,,,,,256,,,,,,,,ARS,,Blanco,False,{}
ferbi,ferbi,16101,Celular Samsung Galaxy A53 Reacondicionado,https://ferbi.com.ar/shop/celular-samsung-galaxy-a53-reacondicionado-16101?category=38,,https://ferbi.com.ar/shop/category/celulares-38,2026-04-30T02:42:17.173269+00:00,,,,,,,,,,,,,128,,,,,,,,ARS,,Celeste,False,{}
ferbi,ferbi,16101,Celular Samsung Galaxy A53 Reacondicionado,https://ferbi.com.ar/shop/celular-samsung-galaxy-a53-reacondicionado-16101?category=38,,https://ferbi.com.ar/shop/category/celulares-38,2026-04-30T02:42:17.173269+00:00,,,,,,,,,,,,,256,,,,,,,,ARS,,Celeste,False,{}
ferbi,ferbi,16101,Celular Samsung Galaxy A53 Reacondicionado,https://ferbi.com.ar/shop/celular-samsung-galaxy-a53-reacondicionado-16101?category=38,,https://ferbi.com.ar/shop/category/celulares-38,2026-04-30T02:42:17.173269+00:00,,,,,,,,,,,,,128,,,,,,,,ARS,,Naranja,False,{}
ferbi,ferbi,16101,Celular Samsung Galaxy A53 Reacondicionado,https://ferbi.com.ar/shop/celular-samsung-galaxy-a53-reacondicionado-16101?category=38,,https://ferbi.com.ar/shop/category/celulares-38,2026-04-30T02:42:17.173269+00:00,,,,,,,,,,,,,256,,,,,,,,ARS,,Naranja,False,{}
ferbi,ferbi,16101,Celular Samsung Galaxy A53 Reacondicionado,https://ferbi.com.ar/shop/celular-samsung-galaxy-a53-reacondicionado-16101?category=38,,https://ferbi.com.ar/shop/category/celulares-38,2026-04-30T02:42:17.173269+00:00,,,,,,,,,,,,,128,,,,,,,,ARS,,Negro,False,{}
ferbi,ferbi,16101,Celular Samsung Galaxy A53 Reacondicionado,https://ferbi.com.ar/shop/celular-samsung-galaxy-a53-reacondicionado-16101?category=38,,https://ferbi.com.ar/shop/category/celulares-38,2026-04-30T02:42:17.173269+00:00,,,,,,,,,,,,,256,,,,,,,,ARS,,Negro,False,{}
ferbi,ferbi,16101,Celular Samsung Galaxy A53 Reacondicionado,https://ferbi.com.ar/shop/celular-samsung-galaxy-a53-reacondicionado-16101?category=38,,https://ferbi.com.ar/shop/category/celulares-38,2026-04-30T02:42:17.173269+00:00,,,,,,,,,,,,,128,,,,,,,,ARS,,Coral,False,{}
ferbi,ferbi,16101,Celular Samsung Galaxy A53 Reacondicionado,https://ferbi.com.ar/shop/celular-samsung-galaxy-a53-reacondicionado-16101?category=38,,https://ferbi.com.ar/shop/category/celulares-38,2026-04-30T02:42:17.173269+00:00,,,,,,,,,,,,,256,,,,,,,,ARS,,Coral,False,{}
ferbi,ferbi,16079,Celular Samsung Galaxy A52 Reacondicionado,https://ferbi.com.ar/shop/celular-samsung-galaxy-a52-reacondicionado-16079?category=38,,https://ferbi.com.ar/shop/category/celulares-38,2026-04-30T02:42:17.173269+00:00,,,,,,,,,,,,,128,,,,,,,,ARS,,Azul,False,{}
ferbi,ferbi,16079,Celular Samsung Galaxy A52 Reacondicionado,https://ferbi.com.ar/shop/celular-samsung-galaxy-a52-reacondicionado-16079?category=38,,https://ferbi.com.ar/shop/category/celulares-38,2026-04-30T02:42:17.173269+00:00,,,,,,,,,,,,,256,,,,,,,,ARS,,Azul,False,{}
ferbi,ferbi,16079,Celular Samsung Galaxy A52 Reacondicionado,https://ferbi.com.ar/shop/celular-samsung-galaxy-a52-reacondicionado-16079?category=38,,https://ferbi.com.ar/shop/category/celulares-38,2026-04-30T02:42:17.173269+00:00,,,,,,,,,,,,,128,,,,,,,,ARS,,Blanco,False,{}
ferbi,ferbi,16079,Celular Samsung Galaxy A52 Reacondicionado,https://ferbi.com.ar/shop/celular-samsung-galaxy-a52-reacondicionado-16079?category=38,,https://ferbi.com.ar/shop/category/celulares-38,2026-04-30T02:42:17.173269+00:00,,,,,,,,,,,,,256,,,,,,,,ARS,,Blanco,False,{}
ferbi,ferbi,16079,Celular Samsung Galaxy A52 Reacondicionado,https://ferbi.com.ar/shop/celular-samsung-galaxy-a52-reacondicionado-16079?category=38,,https://ferbi.com.ar/shop/category/celulares-38,2026-04-30T02:42:17.173269+00:00,,,,,,,,,,,,,128,,,,,,,,ARS,,Negro,False,{}
ferbi,ferbi,16079,Celular Samsung Galaxy A52 Reacondicionado,https://ferbi.com.ar/shop/celular-samsung-galaxy-a52-reacondicionado-16079?category=38,,https://ferbi.com.ar/shop/category/celulares-38,2026-04-30T02:42:17.173269+00:00,,,,,,,,,,,,,256,,,,,,,,ARS,,Negro,False,{}
ferbi,ferbi,16079,Celular Samsung Galaxy A52 Reacondicionado,https://ferbi.com.ar/shop/celular-samsung-galaxy-a52-reacondicionado-16079?category=38,,https://ferbi.com.ar/shop/category/celulares-38,2026-04-30T02:42:17.173269+00:00,,,,,,,,,,,,,128,,,,,,,,ARS,,Violeta,False,{}
ferbi,ferbi,16079,Celular Samsung Galaxy A52 Reacondicionado,https://ferbi.com.ar/shop/celular-samsung-galaxy-a52-reacondicionado-16079?category=38,,https://ferbi.com.ar/shop/category/celulares-38,2026-04-30T02:42:17.173269+00:00,,,,,,,,,,,,,256,,,,,,,,ARS,,Violeta,False,{}
ferbi,ferbi,16088,Celular Samsung Galaxy A72 Reacondicionado,https://ferbi.com.ar/shop/celular-samsung-galaxy-a72-reacondicionado-16088?category=38,,https://ferbi.com.ar/shop/category/celulares-38,2026-04-30T02:42:17.173269+00:00,,,,,,,,,,,,,128,,,,,,,,ARS,,Azul,False,{}
ferbi,ferbi,16088,Celular Samsung Galaxy A72 Reacondicionado,https://ferbi.com.ar/shop/celular-samsung-galaxy-a72-reacondicionado-16088?category=38,,https://ferbi.com.ar/shop/category/celulares-38,2026-04-30T02:42:17.173269+00:00,,,,,,,,,,,,,128,,,,,,,,ARS,,Blanco,False,{}
ferbi,ferbi,16088,Celular Samsung Galaxy A72 Reacondicionado,https://ferbi.com.ar/shop/celular-samsung-galaxy-a72-reacondicionado-16088?category=38,,https://ferbi.com.ar/shop/category/celulares-38,2026-04-30T02:42:17.173269+00:00,,,,,,,,,,,,,128,,,,,,,,ARS,,Negro,False,{}
ferbi,ferbi,16088,Celular Samsung Galaxy A72 Reacondicionado,https://ferbi.com.ar/shop/celular-samsung-galaxy-a72-reacondicionado-16088?category=38,,https://ferbi.com.ar/shop/category/celulares-38,2026-04-30T02:42:17.173269+00:00,,,,,,,,,,,,,128,,,,,,,,ARS,,Violeta,False,{}
ferbi,ferbi,15315,Celular Samsung Galaxy A30s Reacondicionado,https://ferbi.com.ar/shop/celular-samsung-galaxy-a30s-reacondicionado-15315?category=38,,https://ferbi.com.ar/shop/category/celulares-38,2026-04-30T02:42:17.173269+00:00,,,,,,,,,,,,,32,,,,,,,,ARS,,Blanco,False,{}
ferbi,ferbi,15315,Celular Samsung Galaxy A30s Reacondicionado,https://ferbi.com.ar/shop/celular-samsung-galaxy-a30s-reacondicionado-15315?category=38,,https://ferbi.com.ar/shop/category/celulares-38,2026-04-30T02:42:17.173269+00:00,,,,,,,,,,,,,64,,,,,,,,ARS,,Blanco,False,{}
ferbi,ferbi,15315,Celular Samsung Galaxy A30s Reacondicionado,https://ferbi.com.ar/shop/celular-samsung-galaxy-a30s-reacondicionado-15315?category=38,,https://ferbi.com.ar/shop/category/celulares-38,2026-04-30T02:42:17.173269+00:00,,,,,,,,,,,,,128,,,,,,,,ARS,,Blanco,False,{}
ferbi,ferbi,15315,Celular Samsung Galaxy A30s Reacondicionado,https://ferbi.com.ar/shop/celular-samsung-galaxy-a30s-reacondicionado-15315?category=38,,https://ferbi.com.ar/shop/category/celulares-38,2026-04-30T02:42:17.173269+00:00,,,,,,,,,,,,,32,,,,,,,,ARS,,Negro,False,{}
ferbi,ferbi,15315,Celular Samsung Galaxy A30s Reacondicionado,https://ferbi.com.ar/shop/celular-samsung-galaxy-a30s-reacondicionado-15315?category=38,,https://ferbi.com.ar/shop/category/celulares-38,2026-04-30T02:42:17.173269+00:00,,,,,,,,,,,,,64,,,,,,,,ARS,,Negro,False,{}
ferbi,ferbi,15315,Celular Samsung Galaxy A30s Reacondicionado,https://ferbi.com.ar/shop/celular-samsung-galaxy-a30s-reacondicionado-15315?category=38,,https://ferbi.com.ar/shop/category/celulares-38,2026-04-30T02:42:17.173269+00:00,,,,,,,,,,,,,128,,,,,,,,ARS,,Negro,False,{}
ferbi,ferbi,15315,Celular Samsung Galaxy A30s Reacondicionado,https://ferbi.com.ar/shop/celular-samsung-galaxy-a30s-reacondicionado-15315?category=38,,https://ferbi.com.ar/shop/category/celulares-38,2026-04-30T02:42:17.173269+00:00,,,,,,,,,,,,,32,,,,,,,,ARS,,Verde,False,{}
ferbi,ferbi,15315,Celular Samsung Galaxy A30s Reacondicionado,https://ferbi.com.ar/shop/celular-samsung-galaxy-a30s-reacondicionado-15315?category=38,,https://ferbi.com.ar/shop/category/celulares-38,2026-04-30T02:42:17.173269+00:00,,,,,,,,,,,,,64,,,,,,,,ARS,,Verde,False,{}
ferbi,ferbi,15315,Celular Samsung Galaxy A30s Reacondicionado,https://ferbi.com.ar/shop/celular-samsung-galaxy-a30s-reacondicionado-15315?category=38,,https://ferbi.com.ar/shop/category/celulares-38,2026-04-30T02:42:17.173269+00:00,,,,,,,,,,,,,128,,,,,,,,ARS,,Verde,False,{}
ferbi,ferbi,15315,Celular Samsung Galaxy A30s Reacondicionado,https://ferbi.com.ar/shop/celular-samsung-galaxy-a30s-reacondicionado-15315?category=38,,https://ferbi.com.ar/shop/category/celulares-38,2026-04-30T02:42:17.173269+00:00,,,,,,,,,,,,,32,,,,,,,,ARS,,Violeta,False,{}
ferbi,ferbi,15315,Celular Samsung Galaxy A30s Reacondicionado,https://ferbi.com.ar/shop/celular-samsung-galaxy-a30s-reacondicionado-15315?category=38,,https://ferbi.com.ar/shop/category/celulares-38,2026-04-30T02:42:17.173269+00:00,,,,,,,,,,,,,64,,,,,,,,ARS,,Violeta,False,{}
ferbi,ferbi,15315,Celular Samsung Galaxy A30s Reacondicionado,https://ferbi.com.ar/shop/celular-samsung-galaxy-a30s-reacondicionado-15315?category=38,,https://ferbi.com.ar/shop/category/celulares-38,2026-04-30T02:42:17.173269+00:00,,,,,,,,,,,,,128,,,,,,,,ARS,,Violeta,False,{}
ferbi,ferbi,253537,Celular Samsung Z Flip 5 256GB Reacondicionado,https://ferbi.com.ar/shop/celular-samsung-z-flip-5-256gb-reacondicionado-253537?category=38,,https://ferbi.com.ar/shop/category/celulares-38,2026-04-30T02:42:17.173269+00:00,,,,,,,,,,,,,256,,,,,,,,ARS,,Azul,False,{}
ferbi,ferbi,253537,Celular Samsung Z Flip 5 256GB Reacondicionado,https://ferbi.com.ar/shop/celular-samsung-z-flip-5-256gb-reacondicionado-253537?category=38,,https://ferbi.com.ar/shop/category/celulares-38,2026-04-30T02:42:17.173269+00:00,,,,,,,,,,,,,256,,,,,,,,ARS,,Blanco,False,{}
ferbi,ferbi,253537,Celular Samsung Z Flip 5 256GB Reacondicionado,https://ferbi.com.ar/shop/celular-samsung-z-flip-5-256gb-reacondicionado-253537?category=38,,https://ferbi.com.ar/shop/category/celulares-38,2026-04-30T02:42:17.173269+00:00,,,,,,,,,,,,,256,,,,,,,,ARS,,Negro,False,{}
ferbi,ferbi,253537,Celular Samsung Z Flip 5 256GB Reacondicionado,https://ferbi.com.ar/shop/celular-samsung-z-flip-5-256gb-reacondicionado-253537?category=38,,https://ferbi.com.ar/shop/category/celulares-38,2026-04-30T02:42:17.173269+00:00,,,,,,,,,,,,,256,,,,,,,,ARS,,Rosa,False,{}
ferbi,ferbi,253537,Celular Samsung Z Flip 5 256GB Reacondicionado,https://ferbi.com.ar/shop/celular-samsung-z-flip-5-256gb-reacondicionado-253537?category=38,,https://ferbi.com.ar/shop/category/celulares-38,2026-04-30T02:42:17.173269+00:00,,,,,,,,,,,,,256,,,,,,,,ARS,,Verde,False,{}
ferbi,ferbi,254528,Celular Samsung Galaxy Z Flip 5 Reacondicionado,https://ferbi.com.ar/shop/celular-samsung-galaxy-z-flip-5-reacondicionado-254528?category=38,,https://ferbi.com.ar/shop/category/celulares-38,2026-04-30T02:42:17.173269+00:00,,,,,,,,,,,,,256,,,,,,,,ARS,,Azul,False,{}
ferbi,ferbi,254528,Celular Samsung Galaxy Z Flip 5 Reacondicionado,https://ferbi.com.ar/shop/celular-samsung-galaxy-z-flip-5-reacondicionado-254528?category=38,,https://ferbi.com.ar/shop/category/celulares-38,2026-04-30T02:42:17.173269+00:00,,,,,,,,,,,,,512,,,,,,,,ARS,,Azul,False,{}
ferbi,ferbi,254528,Celular Samsung Galaxy Z Flip 5 Reacondicionado,https://ferbi.com.ar/shop/celular-samsung-galaxy-z-flip-5-reacondicionado-254528?category=38,,https://ferbi.com.ar/shop/category/celulares-38,2026-04-30T02:42:17.173269+00:00,,,,,,,,,,,,,256,,,,,,,,ARS,,Blanco,False,{}
ferbi,ferbi,254528,Celular Samsung Galaxy Z Flip 5 Reacondicionado,https://ferbi.com.ar/shop/celular-samsung-galaxy-z-flip-5-reacondicionado-254528?category=38,,https://ferbi.com.ar/shop/category/celulares-38,2026-04-30T02:42:17.173269+00:00,,,,,,,,,,,,,512,,,,,,,,ARS,,Blanco,False,{}
ferbi,ferbi,254528,Celular Samsung Galaxy Z Flip 5 Reacondicionado,https://ferbi.com.ar/shop/celular-samsung-galaxy-z-flip-5-reacondicionado-254528?category=38,,https://ferbi.com.ar/shop/category/celulares-38,2026-04-30T02:42:17.173269+00:00,,,,,,,,,,,,,256,,,,,,,,ARS,,Negro,False,{}
ferbi,ferbi,254528,Celular Samsung Galaxy Z Flip 5 Reacondicionado,https://ferbi.com.ar/shop/celular-samsung-galaxy-z-flip-5-reacondicionado-254528?category=38,,https://ferbi.com.ar/shop/category/celulares-38,2026-04-30T02:42:17.173269+00:00,,,,,,,,,,,,,512,,,,,,,,ARS,,Negro,False,{}
ferbi,ferbi,254528,Celular Samsung Galaxy Z Flip 5 Reacondicionado,https://ferbi.com.ar/shop/celular-samsung-galaxy-z-flip-5-reacondicionado-254528?category=38,,https://ferbi.com.ar/shop/category/celulares-38,2026-04-30T02:42:17.173269+00:00,,,,,,,,,,,,,256,,,,,,,,ARS,,Rosa,False,{}
ferbi,ferbi,254528,Celular Samsung Galaxy Z Flip 5 Reacondicionado,https://ferbi.com.ar/shop/celular-samsung-galaxy-z-flip-5-reacondicionado-254528?category=38,,https://ferbi.com.ar/shop/category/celulares-38,2026-04-30T02:42:17.173269+00:00,,,,,,,,,,,,,512,,,,,,,,ARS,,Rosa,False,{}
ferbi,ferbi,254528,Celular Samsung Galaxy Z Flip 5 Reacondicionado,https://ferbi.com.ar/shop/celular-samsung-galaxy-z-flip-5-reacondicionado-254528?category=38,,https://ferbi.com.ar/shop/category/celulares-38,2026-04-30T02:42:17.173269+00:00,,,,,,,,,,,,,256,,,,,,,,ARS,,Verde,False,{}
ferbi,ferbi,254528,Celular Samsung Galaxy Z Flip 5 Reacondicionado,https://ferbi.com.ar/shop/celular-samsung-galaxy-z-flip-5-reacondicionado-254528?category=38,,https://ferbi.com.ar/shop/category/celulares-38,2026-04-30T02:42:17.173269+00:00,,,,,,,,,,,,,512,,,,,,,,ARS,,Verde,False,{}
ferbi,ferbi,256103,Celular Samsung Galaxy A14 Reacondicionado,https://ferbi.com.ar/shop/celular-samsung-galaxy-a14-reacondicionado-256103?category=38,,https://ferbi.com.ar/shop/category/celulares-38,2026-04-30T02:42:17.173269+00:00,,,,,,,,,,,,,64,,,,,,,,ARS,,Negro,False,{}
ferbi,ferbi,256103,Celular Samsung Galaxy A14 Reacondicionado,https://ferbi.com.ar/shop/celular-samsung-galaxy-a14-reacondicionado-256103?category=38,,https://ferbi.com.ar/shop/category/celulares-38,2026-04-30T02:42:17.173269+00:00,,,,,,,,,,,,,128,,,,,,,,ARS,,Negro,False,{}
ferbi,ferbi,256103,Celular Samsung Galaxy A14 Reacondicionado,https://ferbi.com.ar/shop/celular-samsung-galaxy-a14-reacondicionado-256103?category=38,,https://ferbi.com.ar/shop/category/celulares-38,2026-04-30T02:42:17.173269+00:00,,,,,,,,,,,,,64,,,,,,,,ARS,,Plateado,False,{}
ferbi,ferbi,256103,Celular Samsung Galaxy A14 Reacondicionado,https://ferbi.com.ar/shop/celular-samsung-galaxy-a14-reacondicionado-256103?category=38,,https://ferbi.com.ar/shop/category/celulares-38,2026-04-30T02:42:17.173269+00:00,,,,,,,,,,,,,128,,,,,,,,ARS,,Plateado,False,{}
ferbi,ferbi,256103,Celular Samsung Galaxy A14 Reacondicionado,https://ferbi.com.ar/shop/celular-samsung-galaxy-a14-reacondicionado-256103?category=38,,https://ferbi.com.ar/shop/category/celulares-38,2026-04-30T02:42:17.173269+00:00,,,,,,,,,,,,,64,,,,,,,,ARS,,Verde,False,{}
ferbi,ferbi,256103,Celular Samsung Galaxy A14 Reacondicionado,https://ferbi.com.ar/shop/celular-samsung-galaxy-a14-reacondicionado-256103?category=38,,https://ferbi.com.ar/shop/category/celulares-38,2026-04-30T02:42:17.173269+00:00,,,,,,,,,,,,,128,,,,,,,,ARS,,Verde,False,{}
ferbi,ferbi,256377,Celular Samsung A24 Reacondicionado,https://ferbi.com.ar/shop/celular-samsung-a24-reacondicionado-256377?category=38,,https://ferbi.com.ar/shop/category/celulares-38,2026-04-30T02:42:17.173269+00:00,,,,,,,,,,,,,128,,,,,,,,ARS,,Negro,False,{}
ferbi,ferbi,256377,Celular Samsung A24 Reacondicionado,https://ferbi.com.ar/shop/celular-samsung-a24-reacondicionado-256377?category=38,,https://ferbi.com.ar/shop/category/celulares-38,2026-04-30T02:42:17.173269+00:00,,,,,,,,,,,,,128,,,,,,,,ARS,,Plateado,False,{}
ferbi,ferbi,256377,Celular Samsung A24 Reacondicionado,https://ferbi.com.ar/shop/celular-samsung-a24-reacondicionado-256377?category=38,,https://ferbi.com.ar/shop/category/celulares-38,2026-04-30T02:42:17.173269+00:00,,,,,,,,,,,,,128,,,,,,,,ARS,,Verde,False,{}
ferbi,ferbi,256378,Celular Samsung A34 5G Reacondicionado,https://ferbi.com.ar/shop/celular-samsung-a34-5g-reacondicionado-256378?category=38,,https://ferbi.com.ar/shop/category/celulares-38,2026-04-30T02:42:17.173269+00:00,,,,,,,,,,,,,128,,,,,,,,ARS,,Blanco,False,{}
ferbi,ferbi,256378,Celular Samsung A34 5G Reacondicionado,https://ferbi.com.ar/shop/celular-samsung-a34-5g-reacondicionado-256378?category=38,,https://ferbi.com.ar/shop/category/celulares-38,2026-04-30T02:42:17.173269+00:00,,,,,,,,,,,,,128,,,,,,,,ARS,,Negro,False,{}
ferbi,ferbi,256378,Celular Samsung A34 5G Reacondicionado,https://ferbi.com.ar/shop/celular-samsung-a34-5g-reacondicionado-256378?category=38,,https://ferbi.com.ar/shop/category/celulares-38,2026-04-30T02:42:17.173269+00:00,,,,,,,,,,,,,128,,,,,,,,ARS,,Plateado,False,{}
ferbi,ferbi,256378,Celular Samsung A34 5G Reacondicionado,https://ferbi.com.ar/shop/celular-samsung-a34-5g-reacondicionado-256378?category=38,,https://ferbi.com.ar/shop/category/celulares-38,2026-04-30T02:42:17.173269+00:00,,,,,,,,,,,,,128,,,,,,,,ARS,,Verde,False,{}
ferbi,ferbi,43740,Celular Samsung Galaxy A10 - Grado Bueno Reacondicionado,https://ferbi.com.ar/shop/1045290-celular-samsung-galaxy-a10-grado-bueno-reacondicionado-43740?category=38,,https://ferbi.com.ar/shop/category/celulares-38,2026-04-30T02:42:17.173269+00:00,,,,,,,,,,,,,,,,,,,,,ARS,,,False,{}
ferbi,ferbi,43745,Celular Samsung A10 DS 32GB UNL Negro Reacondicionado,https://ferbi.com.ar/shop/1025876-celular-samsung-a10-ds-32gb-unl-negro-reacondicionado-43745?category=38,,https://ferbi.com.ar/shop/category/celulares-38,2026-04-30T02:42:17.173269+00:00,,,,,,,,,,,,,,,,,,,,,ARS,,,False,{}
ferbi,ferbi,43801,Celular Samsung A30S 64GB Blanco Grado C Reacondicionado,https://ferbi.com.ar/shop/1020724-celular-samsung-a30s-64gb-blanco-grado-c-reacondicionado-43801?category=38,,https://ferbi.com.ar/shop/category/celulares-38,2026-04-30T02:42:17.173269+00:00,,,,,,,,,,,,,,,,,,,,,ARS,,,False,{}
ferbi,ferbi,43804,Celular Samsung A31 128GB Azul Grado C Reacondicionado,https://ferbi.com.ar/shop/1026612-celular-samsung-a31-128gb-azul-grado-c-reacondicionado-43804?category=38,,https://ferbi.com.ar/shop/category/celulares-38,2026-04-30T02:42:17.173269+00:00,,,,,,,,,,,,,,,,,,,,,ARS,,,False,{}
ferbi,ferbi,43844,Celular Samsung A51 DS 128GB Azul UNL Reacondicionado,https://ferbi.com.ar/shop/1021486-celular-samsung-a51-ds-128gb-azul-unl-reacondicionado-43844?category=38,,https://ferbi.com.ar/shop/category/celulares-38,2026-04-30T02:42:17.173269+00:00,,,,,,,,,,,,,,,,,,,,,ARS,,,False,{}
ferbi,ferbi,44131,Celular Samsung A53 128GB Blanco Grado C,https://ferbi.com.ar/shop/1054508-celular-samsung-a53-128gb-blanco-grado-c-44131?category=38,,https://ferbi.com.ar/shop/category/celulares-38,2026-04-30T02:42:17.173269+00:00,,,,,,,,,,,,,,,,,,,,,ARS,,,False,{}
ferbi,ferbi,48895,Celular Samsung Galaxy ZFold4 512GB Gris Grado B Reacondicionado,https://ferbi.com.ar/shop/1054883-celular-samsung-galaxy-zfold4-512gb-gris-grado-b-reacondicionado-48895?category=38,,https://ferbi.com.ar/shop/category/celulares-38,2026-04-30T02:42:17.173269+00:00,,,,,,,,,,,,,,,,,,,,,ARS,,,False,{}
ferbi,ferbi,142769,Celular Samsung A21S 64GB Azul Grado C Reacondicionado,https://ferbi.com.ar/shop/1024007-celular-samsung-a21s-64gb-azul-grado-c-reacondicionado-142769?category=38,,https://ferbi.com.ar/shop/category/celulares-38,2026-04-30T02:42:17.173269+00:00,,,,,,,,,,,,,,,,,,,,,ARS,,,False,{}
ferbi,ferbi,152514,Celular Samsung Galaxy A32 128GB Blanco Reacondicionado,https://ferbi.com.ar/shop/1036062-celular-samsung-galaxy-a32-128gb-blanco-reacondicionado-152514?category=38,,https://ferbi.com.ar/shop/category/celulares-38,2026-04-30T02:42:17.173269+00:00,,,,,,,,,,,,,,,,,,,,,ARS,,,False,{}
ferbi,ferbi,279948,Celular Samsung Z FLIP6 Reacondicionado,https://ferbi.com.ar/shop/celular-samsung-z-flip6-reacondicionado-279948?category=38,,https://ferbi.com.ar/shop/category/celulares-38,2026-04-30T02:42:17.173269+00:00,,,,,,,,,,,,,256,,,,,,,,ARS,,Amarillo,False,{}
ferbi,ferbi,279948,Celular Samsung Z FLIP6 Reacondicionado,https://ferbi.com.ar/shop/celular-samsung-z-flip6-reacondicionado-279948?category=38,,https://ferbi.com.ar/shop/category/celulares-38,2026-04-30T02:42:17.173269+00:00,,,,,,,,,,,,,512,,,,,,,,ARS,,Amarillo,False,{}
ferbi,ferbi,279948,Celular Samsung Z FLIP6 Reacondicionado,https://ferbi.com.ar/shop/celular-samsung-z-flip6-reacondicionado-279948?category=38,,https://ferbi.com.ar/shop/category/celulares-38,2026-04-30T02:42:17.173269+00:00,,,,,,,,,,,,,256,,,,,,,,ARS,,Azul,False,{}
ferbi,ferbi,279948,Celular Samsung Z FLIP6 Reacondicionado,https://ferbi.com.ar/shop/celular-samsung-z-flip6-reacondicionado-279948?category=38,,https://ferbi.com.ar/shop/category/celulares-38,2026-04-30T02:42:17.173269+00:00,,,,,,,,,,,,,512,,,,,,,,ARS,,Azul,False,{}
ferbi,ferbi,279948,Celular Samsung Z FLIP6 Reacondicionado,https://ferbi.com.ar/shop/celular-samsung-z-flip6-reacondicionado-279948?category=38,,https://ferbi.com.ar/shop/category/celulares-38,2026-04-30T02:42:17.173269+00:00,,,,,,,,,,,,,256,,,,,,,,ARS,,Blanco,False,{}
ferbi,ferbi,279948,Celular Samsung Z FLIP6 Reacondicionado,https://ferbi.com.ar/shop/celular-samsung-z-flip6-reacondicionado-279948?category=38,,https://ferbi.com.ar/shop/category/celulares-38,2026-04-30T02:42:17.173269+00:00,,,,,,,,,,,,,512,,,,,,,,ARS,,Blanco,False,{}
ferbi,ferbi,279948,Celular Samsung Z FLIP6 Reacondicionado,https://ferbi.com.ar/shop/celular-samsung-z-flip6-reacondicionado-279948?category=38,,https://ferbi.com.ar/shop/category/celulares-38,2026-04-30T02:42:17.173269+00:00,,,,,,,,,,,,,256,,,,,,,,ARS,,Celeste,False,{}
ferbi,ferbi,279948,Celular Samsung Z FLIP6 Reacondicionado,https://ferbi.com.ar/shop/celular-samsung-z-flip6-reacondicionado-279948?category=38,,https://ferbi.com.ar/shop/category/celulares-38,2026-04-30T02:42:17.173269+00:00,,,,,,,,,,,,,512,,,,,,,,ARS,,Celeste,False,{}
ferbi,ferbi,279948,Celular Samsung Z FLIP6 Reacondicionado,https://ferbi.com.ar/shop/celular-samsung-z-flip6-reacondicionado-279948?category=38,,https://ferbi.com.ar/shop/category/celulares-38,2026-04-30T02:42:17.173269+00:00,,,,,,,,,,,,,256,,,,,,,,ARS,,Dorado,False,{}
ferbi,ferbi,279948,Celular Samsung Z FLIP6 Reacondicionado,https://ferbi.com.ar/shop/celular-samsung-z-flip6-reacondicionado-279948?category=38,,https://ferbi.com.ar/shop/category/celulares-38,2026-04-30T02:42:17.173269+00:00,,,,,,,,,,,,,512,,,,,,,,ARS,,Dorado,False,{}
ferbi,ferbi,279948,Celular Samsung Z FLIP6 Reacondicionado,https://ferbi.com.ar/shop/celular-samsung-z-flip6-reacondicionado-279948?category=38,,https://ferbi.com.ar/shop/category/celulares-38,2026-04-30T02:42:17.173269+00:00,,,,,,,,,,,,,256,,,,,,,,ARS,,Gris,False,{}
ferbi,ferbi,279948,Celular Samsung Z FLIP6 Reacondicionado,https://ferbi.com.ar/shop/celular-samsung-z-flip6-reacondicionado-279948?category=38,,https://ferbi.com.ar/shop/category/celulares-38,2026-04-30T02:42:17.173269+00:00,,,,,,,,,,,,,512,,,,,,,,ARS,,Gris,False,{}
ferbi,ferbi,279948,Celular Samsung Z FLIP6 Reacondicionado,https://ferbi.com.ar/shop/celular-samsung-z-flip6-reacondicionado-279948?category=38,,https://ferbi.com.ar/shop/category/celulares-38,2026-04-30T02:42:17.173269+00:00,,,,,,,,,,,,,256,,,,,,,,ARS,,Negro,False,{}
ferbi,ferbi,279948,Celular Samsung Z FLIP6 Reacondicionado,https://ferbi.com.ar/shop/celular-samsung-z-flip6-reacondicionado-279948?category=38,,https://ferbi.com.ar/shop/category/celulares-38,2026-04-30T02:42:17.173269+00:00,,,,,,,,,,,,,512,,,,,,,,ARS,,Negro,False,{}
ferbi,ferbi,279948,Celular Samsung Z FLIP6 Reacondicionado,https://ferbi.com.ar/shop/celular-samsung-z-flip6-reacondicionado-279948?category=38,,https://ferbi.com.ar/shop/category/celulares-38,2026-04-30T02:42:17.173269+00:00,,,,,,,,,,,,,256,,,,,,,,ARS,,Verde,False,{}
ferbi,ferbi,279948,Celular Samsung Z FLIP6 Reacondicionado,https://ferbi.com.ar/shop/celular-samsung-z-flip6-reacondicionado-279948?category=38,,https://ferbi.com.ar/shop/category/celulares-38,2026-04-30T02:42:17.173269+00:00,,,,,,,,,,,,,512,,,,,,,,ARS,,Verde,False,{}
ferbi,ferbi,281489,Celular Samsung Galaxy A34 5G - OPEN BOX,https://ferbi.com.ar/shop/celular-samsung-galaxy-a34-5g-open-box-281489?category=38,,https://ferbi.com.ar/shop/category/celulares-38,2026-04-30T02:42:17.173269+00:00,,,,,,,,,,,,,128,,,,,,,,ARS,,Awesome Graphite,False,{}
ferbi,ferbi,281489,Celular Samsung Galaxy A34 5G - OPEN BOX,https://ferbi.com.ar/shop/celular-samsung-galaxy-a34-5g-open-box-281489?category=38,,https://ferbi.com.ar/shop/category/celulares-38,2026-04-30T02:42:17.173269+00:00,,,,,,,,,,,,,256,,,,,,,,ARS,,Awesome Graphite,False,{}
ferbi,ferbi,281489,Celular Samsung Galaxy A34 5G - OPEN BOX,https://ferbi.com.ar/shop/celular-samsung-galaxy-a34-5g-open-box-281489?category=38,,https://ferbi.com.ar/shop/category/celulares-38,2026-04-30T02:42:17.173269+00:00,,,,,,,,,,,,,128,,,,,,,,ARS,,Awesome Lime,False,{}
ferbi,ferbi,281489,Celular Samsung Galaxy A34 5G - OPEN BOX,https://ferbi.com.ar/shop/celular-samsung-galaxy-a34-5g-open-box-281489?category=38,,https://ferbi.com.ar/shop/category/celulares-38,2026-04-30T02:42:17.173269+00:00,,,,,,,,,,,,,256,,,,,,,,ARS,,Awesome Lime,False,{}
ferbi,ferbi,281489,Celular Samsung Galaxy A34 5G - OPEN BOX,https://ferbi.com.ar/shop/celular-samsung-galaxy-a34-5g-open-box-281489?category=38,,https://ferbi.com.ar/shop/category/celulares-38,2026-04-30T02:42:17.173269+00:00,,,,,,,,,,,,,128,,,,,,,,ARS,,Awesome Silver,False,{}
ferbi,ferbi,281489,Celular Samsung Galaxy A34 5G - OPEN BOX,https://ferbi.com.ar/shop/celular-samsung-galaxy-a34-5g-open-box-281489?category=38,,https://ferbi.com.ar/shop/category/celulares-38,2026-04-30T02:42:17.173269+00:00,,,,,,,,,,,,,256,,,,,,,,ARS,,Awesome Silver,False,{}
ferbi,ferbi,281489,Celular Samsung Galaxy A34 5G - OPEN BOX,https://ferbi.com.ar/shop/celular-samsung-galaxy-a34-5g-open-box-281489?category=38,,https://ferbi.com.ar/shop/category/celulares-38,2026-04-30T02:42:17.173269+00:00,,,,,,,,,,,,,128,,,,,,,,ARS,,Knox Black,False,{}
ferbi,ferbi,281489,Celular Samsung Galaxy A34 5G - OPEN BOX,https://ferbi.com.ar/shop/celular-samsung-galaxy-a34-5g-open-box-281489?category=38,,https://ferbi.com.ar/shop/category/celulares-38,2026-04-30T02:42:17.173269+00:00,,,,,,,,,,,,,256,,,,,,,,ARS,,Knox Black,False,{}
ferbi,ferbi,281490,Celular Samsung Galaxy A04 - OPEN BOX,https://ferbi.com.ar/shop/celular-samsung-galaxy-a04-open-box-281490?page=2&category=38,,https://ferbi.com.ar/shop/category/celulares-38/page/2,2026-04-30T02:42:17.173269+00:00,,,,,,,,,,,,,32,,,,,,,,ARS,,Blanco,False,{}
ferbi,ferbi,281490,Celular Samsung Galaxy A04 - OPEN BOX,https://ferbi.com.ar/shop/celular-samsung-galaxy-a04-open-box-281490?page=2&category=38,,https://ferbi.com.ar/shop/category/celulares-38/page/2,2026-04-30T02:42:17.173269+00:00,,,,,,,,,,,,,64,,,,,,,,ARS,,Blanco,False,{}
ferbi,ferbi,281490,Celular Samsung Galaxy A04 - OPEN BOX,https://ferbi.com.ar/shop/celular-samsung-galaxy-a04-open-box-281490?page=2&category=38,,https://ferbi.com.ar/shop/category/celulares-38/page/2,2026-04-30T02:42:17.173269+00:00,,,,,,,,,,,,,128,,,,,,,,ARS,,Blanco,False,{}
ferbi,ferbi,281490,Celular Samsung Galaxy A04 - OPEN BOX,https://ferbi.com.ar/shop/celular-samsung-galaxy-a04-open-box-281490?page=2&category=38,,https://ferbi.com.ar/shop/category/celulares-38/page/2,2026-04-30T02:42:17.173269+00:00,,,,,,,,,,,,,32,,,,,,,,ARS,,Negro,False,{}
ferbi,ferbi,281490,Celular Samsung Galaxy A04 - OPEN BOX,https://ferbi.com.ar/shop/celular-samsung-galaxy-a04-open-box-281490?page=2&category=38,,https://ferbi.com.ar/shop/category/celulares-38/page/2,2026-04-30T02:42:17.173269+00:00,,,,,,,,,,,,,64,,,,,,,,ARS,,Negro,False,{}
ferbi,ferbi,281490,Celular Samsung Galaxy A04 - OPEN BOX,https://ferbi.com.ar/shop/celular-samsung-galaxy-a04-open-box-281490?page=2&category=38,,https://ferbi.com.ar/shop/category/celulares-38/page/2,2026-04-30T02:42:17.173269+00:00,,,,,,,,,,,,,128,,,,,,,,ARS,,Negro,False,{}
ferbi,ferbi,281490,Celular Samsung Galaxy A04 - OPEN BOX,https://ferbi.com.ar/shop/celular-samsung-galaxy-a04-open-box-281490?page=2&category=38,,https://ferbi.com.ar/shop/category/celulares-38/page/2,2026-04-30T02:42:17.173269+00:00,,,,,,,,,,,,,32,,,,,,,,ARS,,Verde,False,{}
ferbi,ferbi,281490,Celular Samsung Galaxy A04 - OPEN BOX,https://ferbi.com.ar/shop/celular-samsung-galaxy-a04-open-box-281490?page=2&category=38,,https://ferbi.com.ar/shop/category/celulares-38/page/2,2026-04-30T02:42:17.173269+00:00,,,,,,,,,,,,,64,,,,,,,,ARS,,Verde,False,{}
ferbi,ferbi,281490,Celular Samsung Galaxy A04 - OPEN BOX,https://ferbi.com.ar/shop/celular-samsung-galaxy-a04-open-box-281490?page=2&category=38,,https://ferbi.com.ar/shop/category/celulares-38/page/2,2026-04-30T02:42:17.173269+00:00,,,,,,,,,,,,,128,,,,,,,,ARS,,Verde,False,{}
ferbi,ferbi,281533,Celular Samsung Galaxy A14 Lte 128Gb - OPEN BOX,https://ferbi.com.ar/shop/celular-samsung-galaxy-a14-lte-128gb-open-box-281533?page=2&category=38,,https://ferbi.com.ar/shop/category/celulares-38/page/2,2026-04-30T02:42:17.173269+00:00,,,,,,,,,,,,,,,,,,,,,ARS,,Black,False,{}
ferbi,ferbi,281533,Celular Samsung Galaxy A14 Lte 128Gb - OPEN BOX,https://ferbi.com.ar/shop/celular-samsung-galaxy-a14-lte-128gb-open-box-281533?page=2&category=38,,https://ferbi.com.ar/shop/category/celulares-38/page/2,2026-04-30T02:42:17.173269+00:00,,,,,,,,,,,,,,,,,,,,,ARS,,Light Green,False,{}
ferbi,ferbi,281533,Celular Samsung Galaxy A14 Lte 128Gb - OPEN BOX,https://ferbi.com.ar/shop/celular-samsung-galaxy-a14-lte-128gb-open-box-281533?page=2&category=38,,https://ferbi.com.ar/shop/category/celulares-38/page/2,2026-04-30T02:42:17.173269+00:00,,,,,,,,,,,,,,,,,,,,,ARS,,Silver,False,{}
